,Model,RMSE,MAE,MAAPE,MdAPE,RMSE Log,MAE Log,MAAPE Log,MdAPE Log,RMSE SQRT,MAE SQRT,MAAPE SQRT,MdAPE SQRT
0,SARIMAX,4.652152698820379,2.967243291413169,76.50190264716773,82.78022922849355,4.702472952506798,2.32763486683737,59.48292091956853,47.17728120322586,4.72124979556194,2.4263624196457334,63.98637196781682,59.17939786159986
1,KNNr_15,3.2403261179772724,1.7030830913866999,51.19672929195732,28.888888888888893,3.3696045785777766,1.5452542611892233,48.15299958352219,26.197149265401375,3.297447076812417,1.5394826437703635,49.206393277690935,27.205442743646067
2,LGBM_1000,3.0003014507141526,1.572981880473587,52.663285062955666,25.86647865490008,3.0492369114903113,1.4249674074229186,49.5806124196123,23.663276527698564,3.022620284331806,1.4354062532446583,50.897654821205705,24.00847789669188
3,XGB_1000,2.979543133194566,1.562385297767441,52.4135452090793,24.931317567825317,3.0873386052326635,1.4316401578679492,49.46031059419929,24.086368083953857,3.0041113831848683,1.4079236329005647,50.373155322841576,23.7260103225708
4,LSTM,3.44259468994692,2.0679918905354695,62.45230270018188,53.89786958694458,3.665622782509282,1.891121123500604,54.29345197288495,33.810144662857056,3.483876958819209,1.8348095225551126,55.77434294066508,36.853015422821045
