,Model,RMSE,MAE,MAPE,RMSE_Log,MAE_Log,MAPE_Log,RMSE Boxcox,MAE Boxcox,MAPE_Boxcox
0,LGBM_1000,3.1686326800216884,1.6458094904210885,0.342091969476257,3.2957032479091217,1.517410957318583,0.26065106886939526,3.464271317754952,1.5067701222934564,0.22449958451141958
1,XGB_1000,3.206646913407795,1.674729224132245,0.35498650717448504,3.3238249986702604,1.5400915804522313,0.26825497733539755,3.5237729717602257,1.5526710429160027,0.23436672444119017
2,KNNr_3_uniform,4.6450308432493,2.637476678305033,0.6292355943163884,3.9933523901954535,2.191717151892004,0.46241909742950243,3.794009663643269,1.970518065293463,0.37225389399084735
3,KNNr_5_uniform,4.3861615450088625,2.5913693498788315,0.633566780491717,3.8725622628064422,2.092690228816924,0.4376673571743431,3.765700842434462,1.898642888342085,0.34855721644115384
4,KNNr_15_uniform,4.067874516315075,2.416789328344717,0.5844561280849109,3.6426960359747245,1.9511913206565348,0.3959269084957729,3.5993950440077622,1.7824301708698742,0.3110459200279859
