,Model,RMSE,MAE,MAAPE,MdAPE,RMSE Log,MAE Log,MAAPE Log,MdAPE Log,RMSE SQRT,MAE SQRT,MAAPE SQRT,MdAPE SQRT
0,SARIMAX,4.088621614565625,2.8099065581493647,71.28283506626893,67.68673496796119,4.342455664721826,2.6094420782745678,68.79373305598453,66.51781410116119,4.343397171640944,2.766870898086938,73.11767173179278,73.57663666606871
1,KNNr_15,3.6022162658424346,1.9850960873772985,54.925043682903784,31.111111111111107,3.7385829143967095,1.8798792172022567,53.19434184138663,31.66240869272643,3.6875391322775695,1.8696662801864052,53.97550521995438,32.40109557801952
2,LGBM_1000,2.9884187501949344,1.577234362511304,52.42401790289656,25.656377221024606,3.057037506635665,1.4257988199377418,49.61862920259255,23.869778457993142,2.9846533586815847,1.435793169038274,51.03717964651897,24.61498175511334
3,XGB_1000,2.9716343119939337,1.5871021444351099,52.591336932761244,24.85884189605713,3.070666790693084,1.4216038672348033,49.18246629426979,23.828046972101387,2.9954585456307266,1.4136077231028483,50.333528884111715,23.934507369995117
4,LSTM,3.4450596200872576,1.971816100206416,57.07917984860366,37.142300605773926,3.538141705473988,1.7865724969979848,53.31472747128488,29.48305606842041,3.476633192620336,1.7394447897392744,53.76884325075182,32.11599588394165
