,Model,RMSE,MAE,MAPE,RMSE_Log,MAE_Log,MAPE_Log,RMSE Boxcox,MAE Boxcox,MAPE_Boxcox
0,LGBM_1000,2.5082695982754917,1.459511881719611,0.3157383539876419,2.589363829554678,1.356282852624985,0.2512722583519416,2.7486532794616725,1.3603272942497342,0.2222092369174964
1,XGB_1000,2.552078530636427,1.4890724210206245,0.3256098026912557,2.640226106292222,1.3890059567377837,0.25960890718958396,2.8192414435501147,1.413779225495929,0.23344691002278725
2,KNNr_3_uniform,3.36985108721493,2.105146826761118,0.5083765561961153,3.1214017600221586,1.8756424433949428,0.41155116722847285,3.0497271132508468,1.756173740139074,0.35380791931074435
3,KNNr_5_uniform,3.2080158003293326,2.0601364608352104,0.5058583197477585,3.0242442914854664,1.8122861803296948,0.394126029688307,2.999361705824096,1.6980328647882135,0.3343648781404085
4,KNNr_15_uniform,3.0127789976968753,1.9371308120493826,0.4690141007647322,2.8757856588173367,1.7057416690365843,0.3607402427273705,2.8841378749811146,1.6090775425134194,0.3024935185398903
