,Model,RMSE,MAE,MAAPE,MdAPE,RMSE Log,MAE Log,MAAPE Log,MdAPE Log,RMSE SQRT,MAE SQRT,MAAPE SQRT,MdAPE SQRT
0,KNNr_15,3.6107104647057278,2.001383125864454,55.31181716975717,31.666666666666664,3.7452816686394517,1.8917417793726359,53.46126040826373,32.50930256796172,3.6948246056711027,1.8838490927960798,54.30169137849733,33.34818474589214
1,LGBM_1000,3.009240926866036,1.5996004506545143,52.950836610890995,25.592586542356376,3.066422427074442,1.4380000929219778,49.73641723014749,23.719708561675713,2.9862993735024324,1.4316885131158954,50.98688409186831,24.11540987069959
2,XGB_1000,2.9734386057904953,1.5856101278540258,52.67633230730513,25.2794086933136,3.075777281666074,1.43339426980985,49.456023746272514,23.500078916549683,3.0104518517512946,1.4303909936917711,50.5621280711477,24.0232656399409
