,Model,RMSE,MAE,RMSE_Log,MAE_Log,RMSE Boxcox,MAE Boxcox
0,LGBM_1000,3.8648976641328807,2.072684314080694,3.7275595092739064,2.3077047468246077,3.86747645467723,1.7592774238098419
1,XGB_1000,3.7914085183607145,2.1746178968800853,3.6853623229005485,2.3663236646804746,3.641391087552313,1.7824715942336378
2,KNNr_3_uniform,4.802863647662399,2.527077012407436,4.472183973664356,2.663644213230153,4.242541523292069,2.1513106479811865
3,KNNr_5_uniform,4.622435933917178,2.455482191570789,4.246712241665032,2.584431442563132,3.9803623296411,2.053393331637566
4,KNNr_15_uniform,4.279657483036005,2.4288897701976593,3.916844111219442,2.535327312399613,3.729856979724559,1.962859144933033
