,Model,RMSE,MAE,MAPE,MdAPE,RMSE Log,MAE Log,MAPE Log,MdAPE Log,RMSE Boxcox,MAE Boxcox,MAPE Boxcox,MdAPE Boxcox,RMSE SQRT,MAE SQRT,MAPE SQRT,MdAPE SQRT
0,LGBM_1000,3.0435271338427565,1.7143575970022535,37.246805803120125,26.83081627578537,3.1140158534663445,1.5068068645479387,27.181478292888617,19.116020391099774,3.3136836535460166,1.4976345878263448,23.228247146765142,16.556435314193525,3.060853773492559,1.5753685216632443,30.54020313148055,20.95529156204181
1,XGB_1000,3.173024128785113,1.7766413088206572,38.691600398840784,24.620255827903748,3.2148866731655117,1.5633187048774502,28.235022203339614,20.461654663085938,3.3794251960267063,1.5411141181385124,24.171461527456795,17.16773455704308,3.1613997734588533,1.6353119505587523,32.36019984597551,22.267425060272217
2,KNNr_15,3.8178401220353715,2.4089481994625177,59.56325015824159,32.386306840925286,3.6455011754502524,2.062120931311404,43.50596177591461,27.584079227093426,3.757090039636359,1.9675580623775464,35.5033855132439,25.58927666830725,3.6656989293791455,2.16906704407129,49.052986750658704,28.735005307636065
3,LSTM,4.045931598091813,2.5990075342810606,69.61551703309785,45.7582868423488,3.8848641350930584,2.2301876016865587,47.65714005586978,34.25210344746772,4.175777377896101,2.27191237767599,43.573922555459966,33.112196382425836,3.685037568518496,2.149262963823928,48.26791844600137,33.62899989340682
