Model,RMSE_Test,RMSE_Val,MAE_Test,MAE_Val,Mean_MRSE_Test,Mean_MAE_Test,Mean_RMSE_Val,Mean_MAE_Val
LGBM_1000,"[4.19648771480168, 3.5133316425108267, 3.3839324272257945, 3.3280626101344826, 3.3489880473607574, 3.334484249937196]","[4.30528977818322, 3.3510152420122026, 6.188425781947374, 6.4789738292721095, 2.514809501329348, 8.042390118678854]","[2.248435656599617, 1.9461310421744027, 1.8325995923823122, 1.7784737616843933, 1.7631899611050392, 1.7926762490090533]","[2.3897257109023355, 1.9447989891857316, 3.6622059424078244, 4.448436158944017, 1.4598001288951326, 4.485757022882093]",3.5175477819951233,1.8935843771591365,5.146817375237185,3.065120658869523
XGB_1000,"[4.363223064915455, 3.50257757939824, 3.3754031015422683, 3.329839940636307, 3.368826786624928, 3.33983448429824]","[4.352885294303903, 3.3466019738342467, 6.922465306586963, 6.753074671025381, 2.5000421919104943, 8.203269037183503]","[2.4894371382104117, 1.936612648309348, 1.8656111523394303, 1.8352929785228163, 1.8341419462152175, 1.8543858327326148]","[2.542718011317752, 1.9743675509787846, 4.559519796892652, 4.375433101443613, 1.4408300608533744, 4.732360168886479]",3.546617492902573,1.969246949388306,5.346389745807415,3.2708714483954417
